[{"inv":[{"val":26355,"itms":[{"num":1,"itm_det":{"csamt":0,"samt":0,"rt":18,"txval":22335,"camt":0,"iamt":4020.3}}],"flag":"U","irn":"","updby":"S","irngendate":"","cflag":"N","inum":"167","inv_typ":"R","pos":"04","srctyp":"","idt":"05-04-2023","rchrg":"N","chksum":"10181cc485e21546eb78d0d889ac8d586070ba7766db33f0fda221b7916d770a"}],"cfs":"N","ctin":"04AIAPA2372H1ZX"},{"inv":[{"val":17523,"itms":[{"num":1,"itm_det":{"csamt":0,"samt":0,"rt":18,"txval":14850,"camt":0,"iamt":2673}}],"flag":"U","irn":"","updby":"S","irngendate":"","cflag":"N","inum":"170","inv_typ":"R","pos":"04","srctyp":"","idt":"20-05-2023","rchrg":"N","chksum":"6d69987d444f0772cfe584e63c5055be064e924cee4d3fc7c59b2f3abbd9ca5b"},{"val":14160,"itms":[{"num":1,"itm_det":{"csamt":0,"samt":0,"rt":18,"txval":12000,"camt":0,"iamt":2160}}],"flag":"U","irn":"","updby":"S","irngendate":"","cflag":"N","inum":"168","inv_typ":"R","pos":"04","srctyp":"","idt":"14-05-2023","rchrg":"N","chksum":"f669455f61b74e2b695772e7a360a1213bae1e927e4a0b7faf1acd2e1c5002d7"},{"val":21712,"itms":[{"num":1,"itm_det":{"csamt":0,"samt":0,"rt":18,"txval":18400,"camt":0,"iamt":3312}}],"flag":"U","irn":"","updby":"S","irngendate":"","cflag":"N","inum":"169","inv_typ":"R","pos":"04","srctyp":"","idt":"18-05-2023","rchrg":"N","chksum":"df6632a3a356c315d4a4065f52fcf87268ee5979b0b8198c50ab52ea8a20ec88"}],"cfs":"N","ctin":"04AIAPA2372H1ZX"},{"inv":[{"val":17344,"itms":[{"num":1,"itm_det":{"csamt":0,"samt":0,"rt":18,"txval":14698,"camt":0,"iamt":2645.64}}],"flag":"U","irn":"","updby":"S","irngendate":"","cflag":"N","inum":"172","inv_typ":"R","pos":"04","srctyp":"","idt":"05-06-2023","rchrg":"N","chksum":"9050bdb11cf9e9c787f8cb42a6a92368999ea25aec8a8f4c85497e3d06630376"}],"cfs":"N","ctin":"04AIAPA2372H1ZX"},{"inv":[{"val":16378,"itms":[{"num":1,"itm_det":{"csamt":0,"samt":0,"rt":18,"txval":13880,"camt":0,"iamt":2498.4}}],"flag":"U","irn":"","updby":"S","irngendate":"","cflag":"N","inum":"173","inv_typ":"R","pos":"04","srctyp":"","idt":"24-07-2023","rchrg":"N","chksum":"f5c14228dd83af5b5fc5ee1eeca3cb9a41520d36bd0b7e7f063e6db73ff6b1ce"}],"cfs":"N","ctin":"04AIAPA2372H1ZX"},{"inv":[{"val":14313,"itms":[{"num":1,"itm_det":{"csamt":0,"samt":0,"rt":18,"txval":12130,"camt":0,"iamt":2183.4}}],"flag":"U","irn":"","updby":"S","irngendate":"","cflag":"N","inum":"174","inv_typ":"R","pos":"04","srctyp":"","idt":"01-08-2023","rchrg":"N","chksum":"418e65a970c830100a2c655df6af80973cdec356fa417eaf47a2f36147f843ed"},{"val":12756,"itms":[{"num":1,"itm_det":{"csamt":0,"samt":0,"rt":18,"txval":10810,"camt":0,"iamt":1945.8}}],"flag":"U","irn":"","updby":"S","irngendate":"","cflag":"N","inum":"175","inv_typ":"R","pos":"04","srctyp":"","idt":"08-08-2023","rchrg":"N","chksum":"0124e01fd15a868167dcaa16d769f428f10fbeb2d7c999c1fc1a70158b441fa9"}],"cfs":"N","ctin":"04AIAPA2372H1ZX"},{"inv":[{"val":20326,"itms":[{"num":1,"itm_det":{"csamt":0,"samt":0,"rt":18,"txval":17225,"camt":0,"iamt":3100.5}}],"flag":"U","irn":"","updby":"S","irngendate":"","cflag":"N","inum":"177","inv_typ":"R","pos":"04","srctyp":"","idt":"05-09-2023","rchrg":"N","chksum":"37b5a2fd5f9e99aa678b339818b23be22694dd64c272043e8d6c808537269c0b"},{"val":35205,"itms":[{"num":1,"itm_det":{"csamt":0,"samt":0,"rt":18,"txval":29835,"camt":0,"iamt":5370.3}}],"flag":"U","irn":"","updby":"S","irngendate":"","cflag":"N","inum":"178","inv_typ":"R","pos":"04","srctyp":"","idt":"09-09-2023","rchrg":"N","chksum":"137446cf015d4974b9ba529c5d1076dce4875dd4c97f3ec4aff216df4eb1995a"}],"cfs":"N","ctin":"04AIAPA2372H1ZX"},{"inv":[{"val":26550,"itms":[{"num":1,"itm_det":{"csamt":0,"samt":0,"rt":18,"txval":22500,"camt":0,"iamt":4050}}],"flag":"U","irn":"","updby":"S","irngendate":"","cflag":"N","inum":"179","inv_typ":"R","pos":"04","srctyp":"","idt":"16-12-2023","rchrg":"N","chksum":"615d5b7ef1f472c2a21bcb2c13736d28c8d3c4c3218cb65daa543c2eb20697d8"}],"cfs":"N","ctin":"04AIAPA2372H1ZX"},{"inv":[{"val":44165,"itms":[{"num":1,"itm_det":{"csamt":0,"samt":0,"rt":18,"txval":37428,"camt":0,"iamt":6737.04}}],"flag":"U","irn":"","updby":"S","irngendate":"","cflag":"N","inum":"182","inv_typ":"R","pos":"04","srctyp":"","idt":"03-01-2024","rchrg":"N","chksum":"24a105bdb5a4bf3277aceb17f1a2a150f6b10eaeaba73e2c0bdfcf670efcaa86"}],"cfs":"N","ctin":"04ACTPC5588N1ZW"},{"inv":[{"val":26768,"itms":[{"num":1,"itm_det":{"csamt":0,"samt":0,"rt":18,"txval":22685,"camt":0,"iamt":4083.3}}],"flag":"U","irn":"","updby":"S","irngendate":"","cflag":"N","inum":"184","inv_typ":"R","pos":"04","srctyp":"","idt":"03-01-2024","rchrg":"N","chksum":"0e82b2094a84543dcadc76ce5801cd31bf5ccc7bff744de3c733df5ea7e4863d"}],"cfs":"N","ctin":"04AIAPA2372H1ZX"}]
