{"stjcd":"HR142","lgnm":"SANJEEV  KUMAR","stj":"Panchkula Ward 1","dty":"Regular","cxdt":"","nba":["Office / Sale Office","Factory / Manufacturing"],"gstin":"06BBOPK6960P1ZS","lstupdt":"28/07/2018","rgdt":"01/07/2017","ctb":"Proprietorship","tradeNam":"RANA INDUSTRIES","sts":"Active","ctjcd":"ZQ0101","ctj":"RANGE 1","einvoiceStatus":"No","pradr":{"addr":{"bnm":"","st":"Kanoli","loc":"Kot","bno":"8","dst":"Panchkula","lt":"","pncd":"134118","stcd":"Haryana","flno":"","lg":"","locality":"","geocodelvl":"NA"},"ntr":"Office / Sale Office, Factory / Manufacturing"}}
