[{"gstin":"06BBOPK6960P1ZS","ret_period":"032023","sup_details":{"osup_det":{"txval":13607,"iamt":2449.26,"camt":0,"samt":0,"csamt":0},"osup_zero":{"txval":0,"iamt":0,"camt":0,"samt":0,"csamt":0},"osup_nil_exmp":{"txval":0,"iamt":0,"camt":0,"samt":0,"csamt":0},"isup_rev":{"txval":0,"iamt":0,"camt":0,"samt":0,"csamt":0},"osup_nongst":{"txval":0,"iamt":0,"camt":0,"samt":0,"csamt":0}},"inter_sup":{"unreg_details":[],"comp_details":[],"uin_details":[]},"itc_elg":{"itc_avl":[{"ty":"IMPG","iamt":0,"camt":0,"samt":0,"csamt":0},{"ty":"ISRC","iamt":0,"camt":0,"samt":0,"csamt":0},{"ty":"OTH","iamt":0,"camt":0,"samt":0,"csamt":0},{"ty":"ISD","iamt":0,"camt":0,"samt":0,"csamt":0},{"ty":"IMPS","iamt":0,"camt":0,"samt":0,"csamt":0}],"itc_rev":[{"ty":"RUL","iamt":0,"camt":0,"samt":0,"csamt":0},{"ty":"OTH","iamt":0,"camt":0,"samt":0,"csamt":0}],"itc_net":{"iamt":0,"camt":0,"samt":0,"csamt":0},"itc_inelg":[{"ty":"RUL","iamt":0,"camt":0,"samt":0,"csamt":0},{"ty":"OTH","iamt":0,"camt":0,"samt":0,"csamt":0}]},"inward_sup":{"isup_details":[{"ty":"GST","inter":0,"intra":0},{"ty":"NONGST","inter":0,"intra":0}]},"intr_ltfee":{"intr_details":{"iamt":0,"camt":0,"samt":0,"csamt":0},"ltfee_details":{"iamt":0,"camt":0,"samt":0,"csamt":0}},"tx_pmt":{"tx_py":[{"tran_desc":"Other than Reverse Charge","liab_ldg_id":553600009,"trans_typ":30002,"igst":{"tx":0,"intr":0,"fee":0},"cgst":{"tx":0,"intr":0,"fee":0},"sgst":{"tx":0,"intr":0,"fee":0},"cess":{"tx":0,"intr":0,"fee":0}},{"tran_desc":"Reverse Charge","liab_ldg_id":553600010,"trans_typ":30003,"igst":{"tx":0,"intr":0,"fee":0},"cgst":{"tx":0,"intr":0,"fee":0},"sgst":{"tx":0,"intr":0,"fee":0},"cess":{"tx":0,"intr":0,"fee":0}}],"pdcash":[{"liab_ldg_id":553600009,"trans_typ":30002,"ipd":2449,"cpd":0,"spd":0,"cspd":0,"i_intrpd":0,"c_intrpd":0,"s_intrpd":0,"cs_intrpd":0,"i_lfeepd":0,"c_lfeepd":0,"s_lfeepd":0,"cs_lfeepd":0}],"pditc":null}},{"gstin":"","ret_period":"","sup_details":{"osup_det":{"txval":0,"iamt":0,"camt":0,"samt":0,"csamt":0},"osup_zero":{"txval":0,"iamt":0,"camt":0,"samt":0,"csamt":0},"osup_nil_exmp":{"txval":0,"iamt":0,"camt":0,"samt":0,"csamt":0},"isup_rev":{"txval":0,"iamt":0,"camt":0,"samt":0,"csamt":0},"osup_nongst":{"txval":0,"iamt":0,"camt":0,"samt":0,"csamt":0}},"inter_sup":{"unreg_details":null,"comp_details":null,"uin_details":null},"itc_elg":{"itc_avl":null,"itc_rev":null,"itc_net":{"iamt":0,"camt":0,"samt":0,"csamt":0},"itc_inelg":null},"inward_sup":{"isup_details":null},"intr_ltfee":{"intr_details":{"iamt":0,"camt":0,"samt":0,"csamt":0},"ltfee_details":{"iamt":0,"camt":0,"samt":0,"csamt":0}},"tx_pmt":{"tx_py":null,"pdcash":null,"pditc":null}},{"gstin":"","ret_period":"","sup_details":{"osup_det":{"txval":0,"iamt":0,"camt":0,"samt":0,"csamt":0},"osup_zero":{"txval":0,"iamt":0,"camt":0,"samt":0,"csamt":0},"osup_nil_exmp":{"txval":0,"iamt":0,"camt":0,"samt":0,"csamt":0},"isup_rev":{"txval":0,"iamt":0,"camt":0,"samt":0,"csamt":0},"osup_nongst":{"txval":0,"iamt":0,"camt":0,"samt":0,"csamt":0}},"inter_sup":{"unreg_details":null,"comp_details":null,"uin_details":null},"itc_elg":{"itc_avl":null,"itc_rev":null,"itc_net":{"iamt":0,"camt":0,"samt":0,"csamt":0},"itc_inelg":null},"inward_sup":{"isup_details":null},"intr_ltfee":{"intr_details":{"iamt":0,"camt":0,"samt":0,"csamt":0},"ltfee_details":{"iamt":0,"camt":0,"samt":0,"csamt":0}},"tx_pmt":{"tx_py":null,"pdcash":null,"pditc":null}},{"gstin":"06BBOPK6960P1ZS","ret_period":"062023","sup_details":{"osup_det":{"txval":82283,"iamt":14810.94,"camt":0,"samt":0,"csamt":0},"osup_zero":{"txval":0,"iamt":0,"camt":0,"samt":0,"csamt":0},"osup_nil_exmp":{"txval":0,"iamt":0,"camt":0,"samt":0,"csamt":0},"isup_rev":{"txval":0,"iamt":0,"camt":0,"samt":0,"csamt":0},"osup_nongst":{"txval":0,"iamt":0,"camt":0,"samt":0,"csamt":0}},"inter_sup":{"unreg_details":[],"comp_details":[],"uin_details":[]},"itc_elg":{"itc_avl":[{"ty":"IMPG","iamt":0,"camt":0,"samt":0,"csamt":0},{"ty":"ISRC","iamt":0,"camt":0,"samt":0,"csamt":0},{"ty":"OTH","iamt":3031.04,"camt":0,"samt":0,"csamt":0},{"ty":"ISD","iamt":0,"camt":0,"samt":0,"csamt":0},{"ty":"IMPS","iamt":0,"camt":0,"samt":0,"csamt":0}],"itc_rev":[{"ty":"RUL","iamt":0,"camt":0,"samt":0,"csamt":0},{"ty":"OTH","iamt":0,"camt":0,"samt":0,"csamt":0}],"itc_net":{"iamt":3031.04,"camt":0,"samt":0,"csamt":0},"itc_inelg":[{"ty":"RUL","iamt":0,"camt":0,"samt":0,"csamt":0},{"ty":"OTH","iamt":0,"camt":0,"samt":0,"csamt":0}]},"inward_sup":{"isup_details":[{"ty":"GST","inter":0,"intra":0},{"ty":"NONGST","inter":0,"intra":0}]},"intr_ltfee":{"intr_details":{"iamt":0,"camt":0,"samt":0,"csamt":0},"ltfee_details":{"iamt":0,"camt":0,"samt":0,"csamt":0}},"tx_pmt":{"tx_py":[{"tran_desc":"Other than Reverse Charge","liab_ldg_id":583451993,"trans_typ":30002,"igst":{"tx":0,"intr":0,"fee":0},"cgst":{"tx":0,"intr":0,"fee":0},"sgst":{"tx":0,"intr":0,"fee":0},"cess":{"tx":0,"intr":0,"fee":0}},{"tran_desc":"Reverse Charge","liab_ldg_id":583451995,"trans_typ":30003,"igst":{"tx":0,"intr":0,"fee":0},"cgst":{"tx":0,"intr":0,"fee":0},"sgst":{"tx":0,"intr":0,"fee":0},"cess":{"tx":0,"intr":0,"fee":0}}],"pdcash":[{"liab_ldg_id":583451993,"trans_typ":30002,"ipd":11780,"cpd":0,"spd":0,"cspd":0,"i_intrpd":0,"c_intrpd":0,"s_intrpd":0,"cs_intrpd":0,"i_lfeepd":0,"c_lfeepd":0,"s_lfeepd":0,"cs_lfeepd":0}],"pditc":null}},{"gstin":"","ret_period":"","sup_details":{"osup_det":{"txval":0,"iamt":0,"camt":0,"samt":0,"csamt":0},"osup_zero":{"txval":0,"iamt":0,"camt":0,"samt":0,"csamt":0},"osup_nil_exmp":{"txval":0,"iamt":0,"camt":0,"samt":0,"csamt":0},"isup_rev":{"txval":0,"iamt":0,"camt":0,"samt":0,"csamt":0},"osup_nongst":{"txval":0,"iamt":0,"camt":0,"samt":0,"csamt":0}},"inter_sup":{"unreg_details":null,"comp_details":null,"uin_details":null},"itc_elg":{"itc_avl":null,"itc_rev":null,"itc_net":{"iamt":0,"camt":0,"samt":0,"csamt":0},"itc_inelg":null},"inward_sup":{"isup_details":null},"intr_ltfee":{"intr_details":{"iamt":0,"camt":0,"samt":0,"csamt":0},"ltfee_details":{"iamt":0,"camt":0,"samt":0,"csamt":0}},"tx_pmt":{"tx_py":null,"pdcash":null,"pditc":null}},{"gstin":"","ret_period":"","sup_details":{"osup_det":{"txval":0,"iamt":0,"camt":0,"samt":0,"csamt":0},"osup_zero":{"txval":0,"iamt":0,"camt":0,"samt":0,"csamt":0},"osup_nil_exmp":{"txval":0,"iamt":0,"camt":0,"samt":0,"csamt":0},"isup_rev":{"txval":0,"iamt":0,"camt":0,"samt":0,"csamt":0},"osup_nongst":{"txval":0,"iamt":0,"camt":0,"samt":0,"csamt":0}},"inter_sup":{"unreg_details":null,"comp_details":null,"uin_details":null},"itc_elg":{"itc_avl":null,"itc_rev":null,"itc_net":{"iamt":0,"camt":0,"samt":0,"csamt":0},"itc_inelg":null},"inward_sup":{"isup_details":null},"intr_ltfee":{"intr_details":{"iamt":0,"camt":0,"samt":0,"csamt":0},"ltfee_details":{"iamt":0,"camt":0,"samt":0,"csamt":0}},"tx_pmt":{"tx_py":null,"pdcash":null,"pditc":null}},{"gstin":"06BBOPK6960P1ZS","ret_period":"092023","sup_details":{"osup_det":{"txval":83880,"iamt":15098.4,"camt":0,"samt":0,"csamt":0},"osup_zero":{"txval":0,"iamt":0,"camt":0,"samt":0,"csamt":0},"osup_nil_exmp":{"txval":0,"iamt":0,"camt":0,"samt":0,"csamt":0},"isup_rev":{"txval":0,"iamt":0,"camt":0,"samt":0,"csamt":0},"osup_nongst":{"txval":0,"iamt":0,"camt":0,"samt":0,"csamt":0}},"inter_sup":{"unreg_details":[],"comp_details":[],"uin_details":[]},"itc_elg":{"itc_avl":[{"ty":"IMPG","iamt":0,"camt":0,"samt":0,"csamt":0},{"ty":"ISRC","iamt":0,"camt":0,"samt":0,"csamt":0},{"ty":"OTH","iamt":1128.15,"camt":37.13,"samt":37.13,"csamt":0},{"ty":"ISD","iamt":0,"camt":0,"samt":0,"csamt":0},{"ty":"IMPS","iamt":0,"camt":0,"samt":0,"csamt":0}],"itc_rev":[{"ty":"RUL","iamt":0,"camt":0,"samt":0,"csamt":0},{"ty":"OTH","iamt":0,"camt":0,"samt":0,"csamt":0}],"itc_net":{"iamt":1128.15,"camt":37.13,"samt":37.13,"csamt":0},"itc_inelg":[{"ty":"RUL","iamt":0,"camt":0,"samt":0,"csamt":0},{"ty":"OTH","iamt":0,"camt":0,"samt":0,"csamt":0}]},"inward_sup":{"isup_details":[{"ty":"GST","inter":0,"intra":0},{"ty":"NONGST","inter":0,"intra":0}]},"intr_ltfee":{"intr_details":{"iamt":1.3,"camt":0,"samt":0,"csamt":0},"ltfee_details":{"iamt":0,"camt":25,"samt":25,"csamt":0}},"tx_pmt":{"tx_py":[{"tran_desc":"Other than Reverse Charge","liab_ldg_id":611426432,"trans_typ":30002,"igst":{"tx":0,"intr":0,"fee":0},"cgst":{"tx":0,"intr":0,"fee":0},"sgst":{"tx":0,"intr":0,"fee":0},"cess":{"tx":0,"intr":0,"fee":0}},{"tran_desc":"Reverse Charge","liab_ldg_id":611426433,"trans_typ":30003,"igst":{"tx":0,"intr":0,"fee":0},"cgst":{"tx":0,"intr":0,"fee":0},"sgst":{"tx":0,"intr":0,"fee":0},"cess":{"tx":0,"intr":0,"fee":0}}],"pdcash":[{"liab_ldg_id":611426432,"trans_typ":30002,"ipd":13896,"cpd":0,"spd":0,"cspd":0,"i_intrpd":1,"c_intrpd":0,"s_intrpd":0,"cs_intrpd":0,"i_lfeepd":0,"c_lfeepd":25,"s_lfeepd":25,"cs_lfeepd":0}],"pditc":null}},{"gstin":"","ret_period":"","sup_details":{"osup_det":{"txval":0,"iamt":0,"camt":0,"samt":0,"csamt":0},"osup_zero":{"txval":0,"iamt":0,"camt":0,"samt":0,"csamt":0},"osup_nil_exmp":{"txval":0,"iamt":0,"camt":0,"samt":0,"csamt":0},"isup_rev":{"txval":0,"iamt":0,"camt":0,"samt":0,"csamt":0},"osup_nongst":{"txval":0,"iamt":0,"camt":0,"samt":0,"csamt":0}},"inter_sup":{"unreg_details":null,"comp_details":null,"uin_details":null},"itc_elg":{"itc_avl":null,"itc_rev":null,"itc_net":{"iamt":0,"camt":0,"samt":0,"csamt":0},"itc_inelg":null},"inward_sup":{"isup_details":null},"intr_ltfee":{"intr_details":{"iamt":0,"camt":0,"samt":0,"csamt":0},"ltfee_details":{"iamt":0,"camt":0,"samt":0,"csamt":0}},"tx_pmt":{"tx_py":null,"pdcash":null,"pditc":null}},{"gstin":"","ret_period":"","sup_details":{"osup_det":{"txval":0,"iamt":0,"camt":0,"samt":0,"csamt":0},"osup_zero":{"txval":0,"iamt":0,"camt":0,"samt":0,"csamt":0},"osup_nil_exmp":{"txval":0,"iamt":0,"camt":0,"samt":0,"csamt":0},"isup_rev":{"txval":0,"iamt":0,"camt":0,"samt":0,"csamt":0},"osup_nongst":{"txval":0,"iamt":0,"camt":0,"samt":0,"csamt":0}},"inter_sup":{"unreg_details":null,"comp_details":null,"uin_details":null},"itc_elg":{"itc_avl":null,"itc_rev":null,"itc_net":{"iamt":0,"camt":0,"samt":0,"csamt":0},"itc_inelg":null},"inward_sup":{"isup_details":null},"intr_ltfee":{"intr_details":{"iamt":0,"camt":0,"samt":0,"csamt":0},"ltfee_details":{"iamt":0,"camt":0,"samt":0,"csamt":0}},"tx_pmt":{"tx_py":null,"pdcash":null,"pditc":null}},{"gstin":"06BBOPK6960P1ZS","ret_period":"122023","sup_details":{"osup_det":{"txval":22500,"iamt":4050,"camt":0,"samt":0,"csamt":0},"osup_zero":{"txval":0,"iamt":0,"camt":0,"samt":0,"csamt":0},"osup_nil_exmp":{"txval":0,"iamt":0,"camt":0,"samt":0,"csamt":0},"isup_rev":{"txval":0,"iamt":0,"camt":0,"samt":0,"csamt":0},"osup_nongst":{"txval":0,"iamt":0,"camt":0,"samt":0,"csamt":0}},"inter_sup":{"unreg_details":[],"comp_details":[],"uin_details":[]},"itc_elg":{"itc_avl":[{"ty":"IMPG","iamt":0,"camt":0,"samt":0,"csamt":0},{"ty":"ISRC","iamt":0,"camt":0,"samt":0,"csamt":0},{"ty":"OTH","iamt":4309.2,"camt":61.21,"samt":61.21,"csamt":0},{"ty":"ISD","iamt":0,"camt":0,"samt":0,"csamt":0},{"ty":"IMPS","iamt":0,"camt":0,"samt":0,"csamt":0}],"itc_rev":[{"ty":"RUL","iamt":0,"camt":0,"samt":0,"csamt":0},{"ty":"OTH","iamt":0,"camt":0,"samt":0,"csamt":0}],"itc_net":{"iamt":4309.2,"camt":61.21,"samt":61.21,"csamt":0},"itc_inelg":[{"ty":"RUL","iamt":0,"camt":0,"samt":0,"csamt":0},{"ty":"OTH","iamt":0,"camt":0,"samt":0,"csamt":0}]},"inward_sup":{"isup_details":[{"ty":"GST","inter":0,"intra":0},{"ty":"NONGST","inter":0,"intra":0}]},"intr_ltfee":{"intr_details":{"iamt":22.48,"camt":0,"samt":0,"csamt":0},"ltfee_details":{"iamt":0,"camt":100,"samt":100,"csamt":0}},"tx_pmt":{"tx_py":[{"tran_desc":"Other than Reverse Charge","liab_ldg_id":639825676,"trans_typ":30002,"igst":{"tx":0,"intr":0,"fee":0},"cgst":{"tx":0,"intr":0,"fee":0},"sgst":{"tx":0,"intr":0,"fee":0},"cess":{"tx":0,"intr":0,"fee":0}},{"tran_desc":"Reverse Charge","liab_ldg_id":639825677,"trans_typ":30003,"igst":{"tx":0,"intr":0,"fee":0},"cgst":{"tx":0,"intr":0,"fee":0},"sgst":{"tx":0,"intr":0,"fee":0},"cess":{"tx":0,"intr":0,"fee":0}}],"pdcash":[{"liab_ldg_id":639825676,"trans_typ":30002,"ipd":0,"cpd":0,"spd":0,"cspd":0,"i_intrpd":22,"c_intrpd":0,"s_intrpd":0,"cs_intrpd":0,"i_lfeepd":0,"c_lfeepd":100,"s_lfeepd":100,"cs_lfeepd":0}],"pditc":null}},{"gstin":"","ret_period":"","sup_details":{"osup_det":{"txval":0,"iamt":0,"camt":0,"samt":0,"csamt":0},"osup_zero":{"txval":0,"iamt":0,"camt":0,"samt":0,"csamt":0},"osup_nil_exmp":{"txval":0,"iamt":0,"camt":0,"samt":0,"csamt":0},"isup_rev":{"txval":0,"iamt":0,"camt":0,"samt":0,"csamt":0},"osup_nongst":{"txval":0,"iamt":0,"camt":0,"samt":0,"csamt":0}},"inter_sup":{"unreg_details":null,"comp_details":null,"uin_details":null},"itc_elg":{"itc_avl":null,"itc_rev":null,"itc_net":{"iamt":0,"camt":0,"samt":0,"csamt":0},"itc_inelg":null},"inward_sup":{"isup_details":null},"intr_ltfee":{"intr_details":{"iamt":0,"camt":0,"samt":0,"csamt":0},"ltfee_details":{"iamt":0,"camt":0,"samt":0,"csamt":0}},"tx_pmt":{"tx_py":null,"pdcash":null,"pditc":null}},{"gstin":"","ret_period":"","sup_details":{"osup_det":{"txval":0,"iamt":0,"camt":0,"samt":0,"csamt":0},"osup_zero":{"txval":0,"iamt":0,"camt":0,"samt":0,"csamt":0},"osup_nil_exmp":{"txval":0,"iamt":0,"camt":0,"samt":0,"csamt":0},"isup_rev":{"txval":0,"iamt":0,"camt":0,"samt":0,"csamt":0},"osup_nongst":{"txval":0,"iamt":0,"camt":0,"samt":0,"csamt":0}},"inter_sup":{"unreg_details":null,"comp_details":null,"uin_details":null},"itc_elg":{"itc_avl":null,"itc_rev":null,"itc_net":{"iamt":0,"camt":0,"samt":0,"csamt":0},"itc_inelg":null},"inward_sup":{"isup_details":null},"intr_ltfee":{"intr_details":{"iamt":0,"camt":0,"samt":0,"csamt":0},"ltfee_details":{"iamt":0,"camt":0,"samt":0,"csamt":0}},"tx_pmt":{"tx_py":null,"pdcash":null,"pditc":null}},{"gstin":"","ret_period":"","sup_details":{"osup_det":{"txval":0,"iamt":0,"camt":0,"samt":0,"csamt":0},"osup_zero":{"txval":0,"iamt":0,"camt":0,"samt":0,"csamt":0},"osup_nil_exmp":{"txval":0,"iamt":0,"camt":0,"samt":0,"csamt":0},"isup_rev":{"txval":0,"iamt":0,"camt":0,"samt":0,"csamt":0},"osup_nongst":{"txval":0,"iamt":0,"camt":0,"samt":0,"csamt":0}},"inter_sup":{"unreg_details":null,"comp_details":null,"uin_details":null},"itc_elg":{"itc_avl":null,"itc_rev":null,"itc_net":{"iamt":0,"camt":0,"samt":0,"csamt":0},"itc_inelg":null},"inward_sup":{"isup_details":null},"intr_ltfee":{"intr_details":{"iamt":0,"camt":0,"samt":0,"csamt":0},"ltfee_details":{"iamt":0,"camt":0,"samt":0,"csamt":0}},"tx_pmt":{"tx_py":null,"pdcash":null,"pditc":null}}]
