[{"inv":[{"val":118,"itms":[{"num":241,"itm_det":{"csamt":0,"samt":9,"rt":18,"txval":100,"camt":9,"iamt":0}}],"flag":"","irn":"","updby":"","irngendate":"","cflag":"","inum":"23061C0001464123","inv_typ":"R","pos":"06","srctyp":"","idt":"31-03-2023","rchrg":"N","chksum":"bc73c30994c5c7aadc25738e6640e3d22ad4b09da625d5b2d02e5250b4534e7c"}],"cfs":"Y","ctin":"06AAACC2498P4Z4","fldtr1":"12-Apr-23","cfs3b":"Y","flprdr1":"Mar-23"},{"inv":[{"val":6500.49,"itms":[{"num":1,"itm_det":{"csamt":0,"samt":0,"rt":18,"txval":5508.89,"camt":0,"iamt":991.6}}],"flag":"","irn":"6a411158c39df419900435aeef95f2e7f21dd984589e239f6534b4fa2a26fbbf","updby":"","irngendate":"08-04-2023","cflag":"","inum":"F1SCHI2400000004","inv_typ":"R","pos":"06","srctyp":"E-Invoice","idt":"07-04-2023","rchrg":"N","chksum":"70d415750ce1bab6cee972e4de853b2f61f23143055495d4d1b573f4d87c0644"}],"cfs":"Y","ctin":"04AABCF9845L1ZA","fldtr1":"10-May-23","cfs3b":"Y","flprdr1":"Apr-23"},{"inv":[{"val":8450,"itms":[{"num":1,"itm_det":{"csamt":0,"samt":0,"rt":5,"txval":6587,"camt":0,"iamt":329}}],"flag":"","irn":"","updby":"","irngendate":"","cflag":"","inum":"291R9KYKD0523001","inv_typ":"R","pos":"06","srctyp":"","idt":"22-05-2023","rchrg":"N","chksum":"6ea263ae97f947be564f70dec17ee02e026ffe659a1ee0a7e358f8f9c49eb7f0"}],"cfs":"Y","ctin":"29ABECS9580P1Z8","fldtr1":"09-Jun-23","cfs3b":"Y","flprdr1":"May-23"},{"inv":[{"val":1372.56,"itms":[{"num":1,"itm_det":{"csamt":0,"samt":0,"rt":5,"txval":1307.2,"camt":0,"iamt":65.36}}],"flag":"","irn":"c6255692baf7c7d33e44c901bf50182d196bbb02cf6bc63b4db5c23022f139f3","updby":"","irngendate":"22-05-2023","cflag":"","inum":"RPB24-A000021079","inv_typ":"R","pos":"06","srctyp":"E-Invoice","idt":"22-05-2023","rchrg":"N","chksum":"3e23f077bac0c48eea526a1d3820579b4d429772387f6c05a296b78f3ffae584"}],"cfs":"Y","ctin":"03AAHCP1178L1ZA","fldtr1":"09-Jun-23","cfs3b":"Y","flprdr1":"May-23"},{"inv":[{"val":4756.5,"itms":[{"num":1,"itm_det":{"csamt":0,"samt":0,"rt":5,"txval":4530,"camt":0,"iamt":226.5}}],"flag":"","irn":"1b97bbc2febc6e07a801a2ca66ac69fb77da2cbf021b4ad809018ac99589994b","updby":"","irngendate":"30-05-2023","cflag":"","inum":"RGJ24-A000145783","inv_typ":"R","pos":"06","srctyp":"E-Invoice","idt":"30-05-2023","rchrg":"N","chksum":"0e12882d44e6036a4e9ed0ad8da1c2a1800155a1265613cf590c21a7904f52a6"}],"cfs":"Y","ctin":"24AAHCP1178L1Z6","fldtr1":"09-Jun-23","cfs3b":"Y","flprdr1":"May-23"},{"inv":[{"val":29790,"itms":[{"num":1,"itm_det":{"csamt":0,"samt":0,"rt":5,"txval":28371.42,"camt":0,"iamt":1418.58}}],"flag":"","irn":"","updby":"","irngendate":"","cflag":"","inum":"IDEL230500079790","inv_typ":"R","pos":"06","srctyp":"","idt":"22-05-2023","rchrg":"N","chksum":"ada27ce62d4cf3947c54270671b7007fdce6f43be29622fa352c78117239bdc9"}],"cfs":"Y","ctin":"07AALCA4699P1ZP","fldtr1":"09-Jun-23","cfs3b":"Y","flprdr1":"May-23"},{"inv":[{"val":118,"itms":[{"num":287,"itm_det":{"csamt":0,"samt":9,"rt":18,"txval":100,"camt":9,"iamt":0}}],"flag":"","irn":"","updby":"","irngendate":"","cflag":"","inum":"24061C0000264685","inv_typ":"R","pos":"06","srctyp":"","idt":"30-06-2023","rchrg":"N","chksum":"b9337c3c67a088542676532d65641765c085a85e2f836fec55289b1c61842853"}],"cfs":"Y","ctin":"06AAACC2498P4Z4","fldtr1":"11-Jul-23","cfs3b":"Y","flprdr1":"Jun-23"},{"inv":[{"val":1180,"itms":[{"num":293,"itm_det":{"csamt":0,"samt":90,"rt":18,"txval":1000,"camt":90,"iamt":0}}],"flag":"","irn":"","updby":"","irngendate":"","cflag":"","inum":"24061C0000392735","inv_typ":"R","pos":"06","srctyp":"","idt":"31-07-2023","rchrg":"N","chksum":"685171706bf13187e495b025e16cab29ec07f0c87338712d3a47980310a1b94d"}],"cfs":"Y","ctin":"06AAACC2498P4Z4","fldtr1":"10-Aug-23","cfs3b":"Y","flprdr1":"Jul-23"},{"inv":[{"val":349.95,"itms":[{"num":216,"itm_det":{"csamt":0,"samt":26.7,"rt":18,"txval":296.55,"camt":26.7,"iamt":0}}],"flag":"","irn":"","updby":"","irngendate":"","cflag":"","inum":"24061C0000529848","inv_typ":"R","pos":"06","srctyp":"","idt":"31-08-2023","rchrg":"N","chksum":"3d04fc9e6c8cbf3e78d5d754156a24a756a07f076aa1f332c498d77a02c69702"}],"cfs":"Y","ctin":"06AAACC2498P4Z4","fldtr1":"11-Sep-23","cfs3b":"Y","flprdr1":"Aug-23"},{"inv":[{"val":7395.65,"itms":[{"num":432,"itm_det":{"csamt":0,"samt":0,"rt":18,"txval":6267.5,"camt":0,"iamt":1128.15}}],"flag":"","irn":"","updby":"","irngendate":"","cflag":"","inum":"24271C0008607974","inv_typ":"R","pos":"06","srctyp":"","idt":"31-08-2023","rchrg":"N","chksum":"77632d89140c2d7314cf39202379e5836f25c9127da0f1f3a793cac1e0ba7827"}],"cfs":"Y","ctin":"27AAACC2498P1Z3","fldtr1":"11-Sep-23","cfs3b":"Y","flprdr1":"Aug-23"},{"inv":[{"val":136.69,"itms":[{"num":288,"itm_det":{"csamt":0,"samt":10.43,"rt":18,"txval":115.83,"camt":10.43,"iamt":0}}],"flag":"","irn":"","updby":"","irngendate":"","cflag":"","inum":"24061C0000665142","inv_typ":"R","pos":"06","srctyp":"","idt":"30-09-2023","rchrg":"N","chksum":"cb0b300c9193413a97069c2de6dc0fda76cade2cfd1c2636b2cb42caf29502f4"}],"cfs":"Y","ctin":"06AAACC2498P4Z4","fldtr1":"11-Oct-23","cfs3b":"Y","flprdr1":"Sep-23"},{"inv":[{"val":17.7,"itms":[{"num":1,"itm_det":{"csamt":0,"samt":0,"rt":18,"txval":15,"camt":0,"iamt":2.7}}],"flag":"","irn":"9698524aeea0e38c1547f6715936be54c2e184e2eeee1192b63e0baecbe1d4d7","updby":"","irngendate":"13-09-2023","cflag":"","inum":"B100004440038099","inv_typ":"R","pos":"06","srctyp":"E-Invoice","idt":"13-09-2023","rchrg":"N","chksum":"03e366e33a126a3759f1b326a9910916aac7c9663d62a6e83c947ff11b2e0c43"},{"val":11.8,"itms":[{"num":1,"itm_det":{"csamt":0,"samt":0,"rt":18,"txval":10,"camt":0,"iamt":1.8}}],"flag":"","irn":"3d1e8ae89ede443d9162caa89c30d194a22293c841f8523e1eabe44b88250a73","updby":"","irngendate":"14-09-2023","cflag":"","inum":"B100004440468607","inv_typ":"R","pos":"06","srctyp":"E-Invoice","idt":"14-09-2023","rchrg":"N","chksum":"6a4a0115f55426073a8e054226b1ceb97d0a4eef522b7a7745b51cf1971c1505"}],"cfs":"Y","ctin":"07AAACI7074F1ZM","fldtr1":"11-Oct-23","cfs3b":"Y","flprdr1":"Sep-23"},{"inv":[{"val":302.35,"itms":[{"num":288,"itm_det":{"csamt":0,"samt":23.06,"rt":18,"txval":256.23,"camt":23.06,"iamt":0}}],"flag":"","irn":"","updby":"","irngendate":"","cflag":"","inum":"24061C0000798268","inv_typ":"R","pos":"06","srctyp":"","idt":"31-10-2023","rchrg":"N","chksum":"87730658b7ecff15154e9f96a7b396a2100c119375857e07e16b4b2aad03be94"}],"cfs":"Y","ctin":"06AAACC2498P4Z4","fldtr1":"09-Nov-23","cfs3b":"Y","flprdr1":"Oct-23"},{"inv":[{"val":6.24,"itms":[{"num":279,"itm_det":{"csamt":0,"samt":0.48,"rt":18,"txval":5.28,"camt":0.48,"iamt":0}}],"flag":"","irn":"","updby":"","irngendate":"","cflag":"","inum":"24061C0000925574","inv_typ":"R","pos":"06","srctyp":"","idt":"30-11-2023","rchrg":"N","chksum":"66569d98a1c8f6e7607d4effb220e1c1f1b355bc3452e9a252fdfd654cc447c6"}],"cfs":"Y","ctin":"06AAACC2498P4Z4","fldtr1":"08-Dec-23","cfs3b":"Y","flprdr1":"Nov-23"},{"inv":[{"val":493.89,"itms":[{"num":291,"itm_det":{"csamt":0,"samt":37.67,"rt":18,"txval":418.55,"camt":37.67,"iamt":0}}],"flag":"","irn":"","updby":"","irngendate":"","cflag":"","inum":"24061C0001049415","inv_typ":"R","pos":"06","srctyp":"","idt":"31-12-2023","rchrg":"N","chksum":"a01ce7c040b77269fa7b708b5955c3aa5cc3ff25d635d7cc2774f766ca418bf7"}],"cfs":"Y","ctin":"06AAACC2498P4Z4","fldtr1":"10-Jan-24","cfs3b":"Y","flprdr1":"Dec-23"},{"inv":[{"val":28249,"itms":[{"num":1,"itm_det":{"csamt":0,"samt":0,"rt":18,"txval":23940,"camt":0,"iamt":4309}}],"flag":"","irn":"3b815c55fc8e14e30cfbd9f3302d4afbbb9568321c39b472fd1d443d15adf5dc","updby":"","irngendate":"16-12-2023","cflag":"","inum":"2476","inv_typ":"R","pos":"06","srctyp":"E-Invoice","idt":"16-12-2023","rchrg":"N","chksum":"385ff298a9387a628f3fc374deefef6fad9fc835e095b1dd95fc3538a6203e3f"}],"cfs":"Y","ctin":"04ACTPC5588N1ZW","fldtr1":"11-Jan-24","cfs3b":"Y","flprdr1":"Dec-23"},{"inv":[{"val":302.35,"itms":[{"num":1,"itm_det":{"csamt":0,"samt":23.06,"rt":18,"txval":256.23,"camt":23.06,"iamt":0}}],"flag":"","irn":"","updby":"","irngendate":"","cflag":"","inum":"24061C0001270995","inv_typ":"R","pos":"06","srctyp":"","idt":"31-01-2024","rchrg":"N","chksum":"e6e4a163abe7eea4778965fd3a6e8c262092ba37737f9bbc54f9e7382ca6c823"}],"cfs":"Y","ctin":"06AAACC2498P4Z4","fldtr1":"09-Feb-24","cfs3b":"Y","flprdr1":"Jan-24"},{"inv":[{"val":526.75,"itms":[{"num":1,"itm_det":{"csamt":0,"samt":40.18,"rt":18,"txval":446.39,"camt":40.18,"iamt":0}}],"flag":"","irn":"6dabf3e3ba38292d179e8309ce28babf428c0e519e3186fc9b858327baf2d814","updby":"","irngendate":"06-01-2024","cflag":"","inum":"HT2406I004872412","inv_typ":"R","pos":"06","srctyp":"E-Invoice","idt":"06-01-2024","rchrg":"N","chksum":"d68f4ab79c36c743730abd465eab467bd882e93e003a4e0e1cc84dd786bae7b2"}],"cfs":"Y","ctin":"06AAACB2894G1ZR","fldtr1":"09-Feb-24","cfs3b":"Y","flprdr1":"Jan-24"},{"inv":[{"val":960.52,"itms":[{"num":1,"itm_det":{"csamt":0,"samt":73.26,"rt":18,"txval":814,"camt":73.26,"iamt":0}}],"flag":"","irn":"e4c7cf013b0d73bcbb7c88ed7422cadd79ddc7a2b60376157b0fae109d2e6898","updby":"","irngendate":"06-02-2024","cflag":"","inum":"HT2406I005448633","inv_typ":"R","pos":"06","srctyp":"E-Invoice","idt":"06-02-2024","rchrg":"N","chksum":"86c46183de6aa8ec15f3b87f456cc0144d7c6fb3f5b073139f2e1131f05f38c0"}],"cfs":"N","ctin":"06AAACB2894G1ZR","fldtr1":"","cfs3b":"N","flprdr1":"Feb-24"}]
